{"cameraMode":{"drawMode":0,"name":"Shaded","section":"Shading Mode"},"sceneLighting":false,"audioPlay":false,"sceneViewState":{"m_AlwaysRefresh":false,"showFog":true,"showSkybox":false,"showFlares":true,"showImageEffects":true,"showParticleSystems":true,"showVisualEffectGraphs":true,"m_FxEnabled":true},"in2DMode":false,"pivot":{"x":5.1660847663879398,"y":9.997220039367676,"z":7.096834182739258},"rotation":{"x":-0.1011887788772583,"y":0.027757802978157998,"z":-0.002816834719851613,"w":-0.9945148825645447},"size":6.351311206817627,"orthographic":true}